Municipi,Comarca,Altitud (m),Superfície (km²),Població,Longitud,Latitud
Abella de la Conca,Pallars Jussà,956,78,167.0,42.1615074,1.0919975
Abrera,Baix Llobregat,105,20,12697.0,41.5175266,1.9017802
Àger,Noguera,642,161,580.0,42.0007934,0.7610053
Agramunt,Urgell,337,80,5479.0,41.7871869,1.0979794
Aguilar de Segarra,Bages,480,43,287.0,41.7392097,1.627507
Agullana,Alt Empordà,166,28,903.0,42.393654,2.8458672
Aiguafreda,Vallès Oriental,404,8,2552.0,41.7831042,2.2679632
Aiguamúrcia,Alt Camp,314,73,961.0,41.3296224,1.3586793
Aiguaviva,Gironès,169,14,780.0,41.9376629,2.7620863
Aitona,Segrià,110,67,2521.0,41.4934916,0.4590823
Alamús,Segrià,212,21,781.0,41.6150242,0.7402123
Alàs i Cerc,Alt Urgell,768,58,329.0,42.3244874,1.5402327
Albagés,Garrigues,372,26,348.0,41.4470074,0.7408063
Albanyà,Alt Empordà,239,94,180.0,42.3047854,2.7204483
Albatàrrec,Segrià,147,11,2217.0,41.5733763,0.607391
Albesa,Noguera,237,38,1579.0,41.752541,0.6595184
Albi,Garrigues,526,33,755.0,41.4230658,0.9360877
Albinyana,Baix Penedès,198,19,2581.0,41.2449807,1.486239
Albiol,Baix Camp,823,20,528.0,41.2520305,1.0896014
Albons,Baix Empordà,25,11,797.0,42.1048463,3.08392
Alcanar,Montsià,72,47,9612.0,40.5430578,0.4767476
Alcanó,Segrià,214,21,240.0,41.4815016,0.6174558
Alcarràs,Segrià,137,114,9637.0,41.5632518,0.5244241
Alcoletge,Segrià,213,17,3470.0,41.647636,0.694722
Alcover,Alt Camp,243,46,5290.0,41.262476,1.1709847
Aldea,Baix Ebre,9,35,4332.0,40.7455735,0.6186663
Aldover,Baix Ebre,14,20,862.0,40.879942,0.4992069
Aleixar,Baix Camp,262,26,924.0,41.2010984,1.0457461
Alella,Maresme,90,10,79.0,41.4919653,2.2940817
Alfara de Carles,Baix Ebre,334,64,359.0,40.8469416,0.3654204
Alfarràs,Segrià,281,11,2795.0,41.830647,0.5687512
Alfés,Segrià,236,32,,41.5208628,0.6192322
Alforja,Baix Camp,374,38,1928.0,41.2066087,0.9533984
Algerri,Noguera,345,54,422.0,41.8148326,0.6381854
Alguaire,Segrià,304,50,3040.0,41.7367673,0.5849024
Alins,Pallars Sobirà,1048,183,285.0,42.5486199,1.3177031
Alió,Alt Camp,263,7,496.0,41.2985963,1.3035514
Almacelles,Segrià,247,49,6922.0,41.7286912,0.4419828
Almatret,Segrià,462,57,302.0,41.3057999,0.4237121
Almenar,Segrià,329,67,3401.0,41.7970523,0.5680948
Almoster,Baix Camp,290,6,1334.0,41.1970367,1.1107223
Alòs de Balaguer,Noguera,297,69,121.0,41.9126559,0.9600662
Alp,Cerdanya,1158,44,1717.0,42.3728449,1.886116
Alpens,Osona,855,14,281.0,42.1189496,2.1014619
Alpicat,Segrià,264,15,6333.0,41.669674,0.554149
Alt Àneu,Pallars Sobirà,1076,218,441.0,42.6830031,1.0777723
Altafulla,Tarragonès,52,7,5609.0,41.1408587,1.3776889
Amer,Selva,186,40,2422.0,42.0104174,2.6028036
Ametlla de Mar,Baix Ebre,19,67,7209.0,40.8839435,0.7996491
Ametlla del Vallès,Vallès Oriental,281,14,9020.0,41.6683251,2.2605005
Ampolla,Baix Ebre,8,36,3563.0,40.8123438,0.7071009
Amposta,Montsià,8,138,21807.0,40.7067997,0.5801695
Anglès,Selva,181,16,5682.0,41.9392441,2.6288523
Anglesola,Urgell,335,24,1350.0,41.6571914,1.0837613
Arbeca,Garrigues,332,58,2.0,41.5426212,0.9234723
Arboç,Baix Penedès,166,14,5604.0,41.2659877,1.6020337
Arbolí,Baix Camp,714,21,122.0,41.2426006,0.9487716
Arbúcies,Selva,291,86,6474.0,41.8165773,2.511129
Arenys de Mar,Maresme,10,7,16155.0,41.5783288,2.5346498
Arenys de Munt,Maresme,121,21,9278.0,41.6093683,2.5408414
Argelaguer,Garrotxa,183,13,439.0,42.2160996,2.6415719
Argençola,Anoia,716,47,216.0,41.598075,1.4437711
Argentera,Baix Camp,344,10,126.0,41.137506,0.9089424
Argentona,Maresme,88,25,12745.0,41.5531639,2.4008466
Armentera,Alt Empordà,7,6,1043.0,42.1717603,3.0738992
Arnes,Terra Alta,506,43,448.0,40.9110458,0.2614174
Arres,Val d'Aran,1224,12,61.0,42.7591538,0.7105267
Arsèguel,Alt Urgell,950,11,80.0,42.3500537,1.5829386
Artés,Bages,316,18,5902.0,41.796354,1.9514657
Artesa de Lleida,Segrià,202,24,1505.0,41.553054,0.7033745
Artesa de Segre,Noguera,318,176,3470.0,41.8956604,1.0472421
Ascó,Ribera d'Ebre,70,74,1601.0,41.1827575,0.5671571
Aspa,Segrià,256,10,221.0,41.4941193,0.6743076
Avellanes i Santa Linya,Noguera,567,103,459.0,41.9366402,0.810357
Avià,Berguedà,677,27,2237.0,42.0782101,1.8202649
Avinyó,Bages,353,63,2270.0,41.8641846,1.9724136
Avinyonet de Puigventós,Alt Empordà,70,12,1676.0,42.2505428,2.9119781
Avinyonet del Penedès,Alt Penedès,280,29,1706.0,41.3547538,1.7858092
Badalona,Barcelonès,6,21,223506.0,41.446964,2.2449607
Badia del Vallès,Vallès Occidental,120,1,13163.0,41.508052,2.1152932
Bagà,Berguedà,785,43,2167.0,42.25262,1.861711
Baix Pallars,Pallars Sobirà,591,129,345.0,42.3301006,1.0394635
Balaguer,Noguera,233,57,17460.0,41.7919281,0.8060409
Balenyà,Osona,587,17,3948.0,41.8240086,2.2089109
Balsareny,Bages,327,37,3249.0,41.8634562,1.8745219
Banyeres del Penedès,Baix Penedès,173,12,3271.0,41.2794548,1.5808175
Banyoles,Pla de l'Estany,172,11,20187.0,42.1181833,2.7651488
Barbens,Pla d'Urgell,283,8,979.0,41.6775914,1.016083
Barberà de la Conca,Conca de Barberà,475,27,486.0,41.4109456,1.2277556
Barberà del Vallès,Vallès Occidental,146,8,33082.0,41.5136208,2.1255553
Barcelona,Barcelonès,9,101,1636193.0,41.3873974,2.168568
Baronia de Rialb,Noguera,388,145,229.0,42.0126088,1.1929114
Bàscara,Alt Empordà,66,18,1034.0,42.1581166,2.9107298
Bassella,Alt Urgell,423,70,223.0,42.0169127,1.2958754
Batea,Terra Alta,376,128,1863.0,41.0937776,0.3119154
Bausen,Val d'Aran,931,18,66.0,42.8344383,0.7167588
Begues,Baix Llobregat,399,50,7450.0,41.3154028,1.900155
Begur,Baix Empordà,200,21,4177.0,41.9535511,3.2025608
Belianes,Urgell,373,16,508.0,41.5605304,1.0143426
Bellaguarda,Garrigues,640,17,288.0,41.3368343,0.736055
Bellcaire d'Empordà,Baix Empordà,35,13,713.0,42.0792042,3.0958224
Bellcaire d'Urgell,Noguera,267,31,1229.0,41.7583443,0.9044696
Bell-lloc d'Urgell,Pla d'Urgell,196,35,2342.0,41.6303438,0.7791283
Bellmunt d'Urgell,Noguera,379,5,178.0,41.7739942,0.9519708
Bellmunt del Priorat,Priorat,261,9,272.0,41.1636991,0.7654623
Bellprat,Anoia,653,31,74.0,41.5170582,1.4335027
Bellpuig,Urgell,308,35,5168.0,41.6254321,1.0119509
Bellvei,Baix Penedès,108,8,2346.0,41.2351212,1.5644578
Bellver de Cerdanya,Cerdanya,1061,98,2176.0,42.3728624,1.7749101
Bellvís,Pla d'Urgell,207,47,2243.0,41.6743299,0.8186873
Benavent de Segrià,Segrià,234,7,1563.0,41.697298,0.6328539
Benifallet,Baix Ebre,19,62,739.0,40.9733072,0.5169219
Benissanet,Ribera d'Ebre,26,23,1169.0,41.0584559,0.6340386
Berga,Berguedà,704,23,16762.0,42.1012595,1.8439221
Besalú,Garrotxa,151,5,2480.0,42.2002357,2.6953375
Bescanó,Gironès,102,36,5156.0,41.9657629,2.7400328
Beuda,Garrotxa,338,36,202.0,42.237315,2.7095744
Bigues i Riells del Fai,Vallès Oriental,307,29,9757.0,41.6960994,2.2003055
Biosca,Segarra,455,66,182.0,41.8418319,1.3580764
Bisbal d'Empordà,Baix Empordà,39,21,11163.0,41.9586483,3.0397887
Bisbal de Falset,Priorat,372,14,219.0,41.2806379,0.7225467
Bisbal del Penedès,Baix Penedès,189,33,4062.0,41.2794225,1.4887997
Biure,Alt Empordà,81,10,249.0,42.3380313,2.8954417
Blancafort,Conca de Barberà,428,15,394.0,41.4505405,1.1496969
Blanes,Selva,13,18,40579.0,41.6759954,2.7902289
Boadella i les Escaules,Alt Empordà,82,11,258.0,42.3304423,2.8565087
Bolvir,Cerdanya,1145,10,518.0,42.4179996,1.8798938
Bonastre,Baix Penedès,177,25,742.0,41.2210731,1.4399455
"Bòrdes, Es",Val d'Aran,852,21,282.0,42.7377242,0.7206173
Bordils,Gironès,42,7,1815.0,42.0388569,2.9169749
Borges Blanques,Garrigues,304,62,6248.0,41.5223705,0.8735607
Borges del Camp,Baix Camp,238,8,2148.0,41.1702125,1.0209204
Borrassà,Alt Empordà,73,10,776.0,42.2230901,2.9257107
Borredà,Berguedà,854,44,448.0,42.1347563,1.9939643
Bossòst,Val d'Aran,710,28,1121.0,42.7855045,0.6921325
Bot,Terra Alta,286,35,566.0,41.0092002,0.3849736
Botarell,Baix Camp,196,12,1102.0,41.1352694,0.9898346
Bovera,Garrigues,297,31,263.0,41.32613,0.6387778
Bràfim,Alt Camp,236,6,687.0,41.2693132,1.3408979
Breda,Selva,169,5,3842.0,41.7497057,2.5569436
Bruc,Anoia,489,47,2218.0,41.5805938,1.7799034
Brull,Osona,843,41,278.0,41.8168113,2.3054067
Brunyola i Sant Martí Sapresa,Selva,247,37,388.0,41.9045225,2.6841937
Cabacés,Priorat,358,31,304.0,41.24846,0.724773
Cabanabona,Noguera,421,14,62.0,41.8508626,1.2166383
Cabanelles,Alt Empordà,194,56,279.0,42.2303509,2.8200093
Cabanes,Alt Empordà,26,15,949.0,42.306365,2.9675572
Cabanyes,Alt Penedès,252,1,999.0,41.3719419,1.6888257
Cabó,Alt Urgell,768,80,98.0,42.2388889,1.2471427
Cabra del Camp,Alt Camp,493,27,1254.0,41.3954009,1.2758641
Cabrera d'Anoia,Anoia,299,17,1606.0,41.4936117,1.710095
Cabrera de Mar,Maresme,104,9,4848.0,41.5211753,2.4060513
Cabrils,Maresme,147,7,7729.0,41.5247306,2.3671032
Cadaqués,Alt Empordà,23,26,2889.0,42.2934281,3.2633918
Calaf,Anoia,680,9,3590.0,41.7325486,1.5135421
Calafell,Baix Penedès,67,20,29102.0,41.1938386,1.5664556
Calders,Moianès,552,33,1101.0,41.7900394,1.9936584
Caldes d'Estrac,Maresme,33,1,3148.0,41.5716858,2.5236717
Caldes de Malavella,Selva,84,57,8196.0,41.8360163,2.8084466
Caldes de Montbui,Vallès Oriental,203,38,17932.0,41.6316583,2.1668706
Calella,Maresme,5,8,19363.0,41.6134346,2.6535552
Calldetenes,Osona,489,6,2532.0,41.9250982,2.2840953
Callús,Bages,260,13,2122.0,41.7965959,1.7830973
Calonge de Segarra,Anoia,688,37,195.0,41.7626074,1.477615
Calonge i Sant Antoni,Baix Empordà,22,34,11712.0,41.8637896,3.0726468
Camarasa,Noguera,321,157,786.0,41.8745355,0.8774248
Camarles,Baix Ebre,13,25,3309.0,40.7709311,0.6690034
Cambrils,Baix Camp,24,35,35675.0,41.0666754,1.0603606
Camós,Pla de l'Estany,168,16,715.0,42.094148,2.7670699
Campdevànol,Ripollès,738,33,3217.0,42.2219838,2.1683571
Campelles,Ripollès,1303,19,162.0,42.2948623,2.1416484
Campins,Vallès Oriental,321,7,557.0,41.7250133,2.4639623
Campllong,Gironès,113,9,535.0,41.8937008,2.831922
Camprodon,Ripollès,947,103,2469.0,42.3136694,2.3651425
Canejan,Val d'Aran,906,48,92.0,42.8122428,0.8008388
Canet d'Adri,Gironès,217,44,750.0,42.0327715,2.7374949
Canet de Mar,Maresme,15,6,14845.0,41.5998437,2.5767694
Canonja,Tarragonès,50,7,5873.0,41.1209005,1.1803025
Canovelles,Vallès Oriental,175,7,16761.0,41.6187296,2.2770506
Cànoves i Samalús,Vallès Oriental,346,29,3289.0,41.6939748,2.3532739
Cantallops,Alt Empordà,200,20,330.0,42.4221088,2.9254799
Canyelles,Garraf,142,14,7.0,41.2829335,1.7230553
Capafonts,Baix Camp,751,13,121.0,41.2954255,1.0272002
Capçanes,Priorat,223,23,407.0,41.1006811,0.7821062
Capellades,Anoia,317,3,5344.0,41.5309648,1.685923
Capmany,Alt Empordà,107,26,672.0,42.366414,2.9275836
Capolat,Berguedà,1279,34,89.0,42.0831454,1.7548008
Cardedeu,Vallès Oriental,193,12,18785.0,41.6394024,2.3591531
Cardona,Bages,507,67,4575.0,41.913607,1.6797134
Carme,Anoia,351,12,754.0,41.5348511,1.6226538
Caseres,Terra Alta,324,43,233.0,41.0394453,0.2511497
Cassà de la Selva,Gironès,137,45,10680.0,41.8862532,2.8751691
Casserres,Berguedà,611,30,1646.0,42.0120819,1.8434162
Castell de l'Areny,Berguedà,954,24,69.0,42.1730883,1.9452014
Castell de Mur,Pallars Jussà,532,62,171.0,42.1046566,0.8579818
Castellar de la Ribera,Solsonès,657,60,135.0,42.0223125,1.4155391
Castellar de n'Hug,Berguedà,1395,47,176.0,42.2829512,2.0172181
Castellar del Riu,Berguedà,920,33,175.0,42.1206982,1.7626291
Castellar del Vallès,Vallès Occidental,331,45,24933.0,41.6172338,2.0873256
Castellbell i el Vilar,Bages,178,29,3889.0,41.6291032,1.8641519
Castellbisbal,Vallès Occidental,132,31,12735.0,41.482929,1.9869293
Castellcir,Moianès,773,34,778.0,41.7703577,2.1548473
Castelldans,Garrigues,353,65,895.0,41.4974858,0.7663538
Castelldefels,Baix Llobregat,3,13,67307.0,41.2800161,1.9766294
Castellet i la Gornal,Alt Penedès,137,48,2474.0,41.2535361,1.5925029
Castellfollit de la Roca,Garrotxa,296,1,926.0,42.219731,2.5488918
Castellfollit de Riubregós,Anoia,467,26,159.0,41.7758933,1.4379359
Castellfollit del Boix,Bages,700,59,460.0,41.6658732,1.6842693
Castellgalí,Bages,266,17,2236.0,41.6747239,1.8435319
Castellnou de Bages,Bages,469,29,1431.0,41.8343436,1.8367862
Castellnou de Seana,Pla d'Urgell,269,16,715.0,41.6479821,0.9704298
Castelló d'Empúries,Alt Empordà,17,42,11611.0,42.2604918,3.0738992
Castelló de Farfanya,Noguera,358,53,508.0,41.8174163,0.7265542
Castellolí,Anoia,415,25,636.0,41.598018,1.6997629
Castell-Platja d'Aro,Baix Empordà,5,22,11757.0,41.8144466,3.0321868
Castellserà,Urgell,267,16,961.0,41.7458448,0.9874443
Castellterçol,Moianès,726,32,2655.0,41.7503185,2.1199
Castellvell del Camp,Baix Camp,219,5,2946.0,41.187811,1.0897511
Castellví de la Marca,Alt Penedès,198,28,1614.0,41.3324427,1.5942571
Castellví de Rosanes,Baix Llobregat,178,16,2096.0,41.4500186,1.8995445
Catllar,Tarragonès,59,26,4921.0,41.1759037,1.3270397
Cava,Alt Urgell,1335,42,51.0,42.3252871,1.6055202
Cellera de Ter,Selva,166,15,1967.0,41.9685385,2.620788
Celrà,Gironès,71,20,5503.0,42.025748,2.8790408
Centelles,Osona,496,15,7641.0,41.7973754,2.2222269
Cercs,Berguedà,650,47,1169.0,42.1468742,1.8601862
Cerdanyola del Vallès,Vallès Occidental,82,31,57291.0,41.4900419,2.1396748
Cervelló,Baix Llobregat,122,24,9307.0,41.3896747,1.9539106
Cervera,Segarra,548,55,9393.0,41.671465,1.272254
Cervià de les Garrigues,Garrigues,444,34,642.0,41.4274049,0.8609602
Cervià de Ter,Gironès,45,10,999.0,42.0667654,2.9094816
Cistella,Alt Empordà,130,26,307.0,42.2684611,2.8480486
Ciutadilla,Urgell,519,17,190.0,41.5612352,1.1395
Clariana de Cardener,Solsonès,500,41,162.0,41.9331297,1.626142
Cogul,Garrigues,279,18,151.0,41.4673371,0.6897597
Colera,Alt Empordà,10,24,468.0,42.4004541,3.1277854
Coll de Nargó,Alt Urgell,573,151,548.0,42.1738219,1.3161974
Collbató,Baix Llobregat,388,18,4726.0,41.5644495,1.8147696
Colldejou,Baix Camp,431,15,172.0,41.0999205,0.8874775
Collsuspina,Moianès,901,15,398.0,41.8265144,2.1751135
Colomers,Baix Empordà,41,4,204.0,42.0845206,2.9881816
Coma i la Pedra,Solsonès,1004,61,278.0,42.175938,1.5886966
Conca de Dalt,Pallars Jussà,507,167,427.0,42.2121579,1.0011902
Conesa,Conca de Barberà,705,29,109.0,41.5181131,1.2912103
Constantí,Tarragonès,81,31,6685.0,41.1535458,1.212596
Copons,Anoia,432,19,333.0,41.6460892,1.5160212
Corbera d'Ebre,Terra Alta,337,53,993.0,41.0768503,0.4755993
Corbera de Llobregat,Baix Llobregat,342,18,15210.0,41.4202064,1.9245812
Corbins,Segrià,211,21,1462.0,41.6901038,0.6927257
Corçà,Baix Empordà,43,16,1268.0,41.9872589,3.0144382
Cornellà de Llobregat,Baix Llobregat,27,7,89039.0,41.3573827,2.0707159
Cornellà del Terri,Pla de l'Estany,96,28,2407.0,42.0891611,2.8160067
Cornudella de Montsant,Priorat,533,64,978.0,41.2671938,0.9152051
Creixell,Tarragonès,48,11,3981.0,41.1655007,1.4359781
Crespià,Pla de l'Estany,138,11,276.0,42.1880382,2.7985236
"Cruïlles, Monells i Sant Sadurní de l'Heura",Baix Empordà,110,100,1338.0,41.9570559,2.9922348
Cubelles,Garraf,12,14,16386.0,41.2085031,1.6727934
Cubells,Noguera,499,39,356.0,41.8542371,0.957578
Cunit,Baix Penedès,10,10,14622.0,41.1980207,1.628035
Darnius,Alt Empordà,193,35,535.0,42.3669299,2.8334038
Das,Cerdanya,1219,15,267.0,42.3611205,1.8699462
Deltebre,Baix Ebre,6,107,11656.0,40.7212388,0.7176492
Dosrius,Maresme,147,41,5710.0,41.6055074,2.4307539
Duesaigües,Baix Camp,268,14,232.0,41.1458284,0.9301201
Escala,Alt Empordà,14,16,10520.0,42.1094266,3.1428341
Esparreguera,Baix Llobregat,187,27,22365.0,41.5562225,1.8611011
Espinelves,Osona,752,17,248.0,41.8697876,2.4174746
Espluga Calba,Garrigues,434,22,331.0,41.4950371,1.004179
Espluga de Francolí,Conca de Barberà,411,57,3698.0,41.3971819,1.1029318
Esplugues de Llobregat,Baix Llobregat,110,5,46414.0,41.3772561,2.0910377
Espolla,Alt Empordà,124,44,408.0,42.3909458,3.0006856
Esponellà,Pla de l'Estany,142,16,489.0,42.1779464,2.7950993
Espot,Pallars Sobirà,1318,97,377.0,42.5758342,1.0879541
Espunyola,Berguedà,803,36,265.0,42.0535683,1.7712445
Esquirol,Osona,693,62,2245.0,42.0348437,2.3700711
Estamariu,Alt Urgell,1084,21,128.0,42.3731557,1.5228293
Estany,Moianès,870,10,391.0,41.8755064,2.1106617
Estaràs,Segarra,596,21,169.0,41.6916073,1.3783625
Esterri d'Àneu,Pallars Sobirà,957,9,841.0,42.6269227,1.1227106
Esterri de Cardós,Pallars Sobirà,1212,17,62.0,42.5927358,1.2617265
Falset,Priorat,364,32,2740.0,41.1454006,0.8204726
Far d'Empordà,Alt Empordà,44,9,625.0,42.2520881,2.9956836
Farrera,Pallars Sobirà,1294,62,121.0,42.497024,1.2719532
Fatarella,Terra Alta,487,57,891.0,41.1621105,0.4736798
Febró,Baix Camp,754,16,39.0,41.2775913,1.0043284
Figaró-Montmany,Vallès Oriental,330,15,1108.0,41.7208204,2.2736559
Fígols,Berguedà,1154,29,45.0,42.1680787,1.7879685
Fígols i Alinyà,Alt Urgell,602,102,266.0,42.1981887,1.3951694
Figuera,Priorat,576,19,123.0,41.2160813,0.7310074
Figueres,Alt Empordà,39,19,47088.0,42.2655066,2.9581046
Figuerola del Camp,Alt Camp,474,23,332.0,41.3714085,1.2653356
Flaçà,Gironès,34,7,1130.0,42.0450143,2.9625587
Flix,Ribera d'Ebre,47,117,3426.0,41.2281062,0.5435091
Floresta,Garrigues,316,6,154.0,41.5107312,0.9205739
Fogars de la Selva,Selva,45,32,1564.0,41.7273226,2.6786163
Fogars de Montclús,Vallès Oriental,386,40,493.0,41.7274934,2.4428424
Foixà,Baix Empordà,85,19,288.0,42.0399835,2.9975238
Folgueroles,Osona,552,11,2254.0,41.940098,2.3162571
Fondarella,Pla d'Urgell,243,5,778.0,41.634355,0.8740871
Fonollosa,Bages,525,52,1546.0,41.7577002,1.7246856
Fontanals de Cerdanya,Cerdanya,1180,29,533.0,42.387655,1.9196949
Fontanilles,Baix Empordà,29,9,163.0,42.0113688,3.1127413
Fontcoberta,Pla de l'Estany,207,17,1466.0,42.1472253,2.7724117
Font-rubí,Alt Penedès,319,37,1446.0,41.4347024,1.5910701
Foradada,Noguera,455,29,191.0,41.8768861,1.0129973
Forallac,Baix Empordà,51,51,1765.0,41.9476764,3.0876783
Forès,Conca de Barberà,866,16,48.0,41.4924767,1.23587
Fornells de la Selva,Gironès,102,12,2693.0,41.9312102,2.8116007
Fortià,Alt Empordà,8,11,778.0,42.2441155,3.0413461
Franqueses del Vallès,Vallès Oriental,181,29,20322.0,41.6478275,2.3123031
Freginals,Montsià,126,18,388.0,40.6722143,0.5204658
Fuliola,Urgell,275,11,1238.0,41.7150982,1.0167344
Fulleda,Garrigues,581,16,98.0,41.4632915,1.0242097
Gaià,Bages,481,40,179.0,41.9164297,1.9253448
Galera,Montsià,112,28,,40.6818426,0.4631743
Gallifa,Vallès Occidental,502,16,186.0,41.6939066,2.1151912
Gandesa,Terra Alta,363,71,3.0,41.0524377,0.4372669
Garcia,Ribera d'Ebre,73,52,527.0,41.1364174,0.6506283
Garidells,Alt Camp,132,3,196.0,41.2074549,1.2475459
Garriga,Vallès Oriental,252,19,16788.0,41.6933493,2.2778128
Garrigàs,Alt Empordà,101,20,458.0,42.1927719,2.9544372
Garrigoles,Baix Empordà,92,9,177.0,42.102769,3.0225754
Garriguella,Alt Empordà,56,21,922.0,42.3444248,3.0638805
Gavà,Baix Llobregat,9,31,46974.0,41.2987914,1.9930466
Gavet de la Conca,Pallars Jussà,421,91,261.0,42.122861,0.9210213
Gelida,Alt Penedès,196,27,7814.0,41.4399149,1.8672009
Ger,Cerdanya,1135,33,512.0,42.4115966,1.845855
Gimenells i el Pla de la Font,Segrià,258,56,1109.0,41.6603639,0.3936722
Ginestar,Ribera d'Ebre,26,16,790.0,41.0417854,0.6334662
Girona,Gironès,70,39,102666.0,41.9794005,2.8214264
Gironella,Berguedà,469,7,4940.0,42.0343553,1.8818441
Gisclareny,Berguedà,1340,37,28.0,42.2717296,1.7830973
Godall,Montsià,168,34,609.0,40.6546716,0.4696996
Golmés,Pla d'Urgell,275,17,1893.0,41.6324739,0.9322549
Gombrèn,Ripollès,919,43,,42.2477628,2.0907311
Gósol,Berguedà,1423,56,233.0,42.237224,1.6596733
Granada,Alt Penedès,272,7,2207.0,,
Granadella,Garrigues,528,89,724.0,,
Granera,Moianès,782,24,80.0,,
Granja d'Escarp,Segrià,78,39,923.0,,
Granollers,Vallès Oriental,145,15,61983.0,,
Granyanella,Segarra,508,24,136.0,,
Granyena de les Garrigues,Garrigues,366,21,147.0,,
Granyena de Segarra,Segarra,636,16,157.0,,
Gratallops,Priorat,321,14,236.0,,
Gualba,Vallès Oriental,177,23,1610.0,,
Gualta,Baix Empordà,15,9,439.0,,
Guardiola de Berguedà,Berguedà,720,62,918.0,,
Guiamets,Priorat,226,12,279.0,,
Guils de Cerdanya,Cerdanya,1385,22,573.0,,
Guimerà,Urgell,555,26,261.0,,
Guingueta d'Àneu,Pallars Sobirà,919,108,298.0,,
Guissona,Segarra,484,18,7390.0,,
Guixers,Solsonès,840,66,132.0,,
Gurb,Osona,516,52,2702.0,,
Horta de Sant Joan,Terra Alta,542,119,1154.0,,
Hospitalet de Llobregat,Barcelonès,8,12,265444.0,,
Hostalets de Pierola,Anoia,361,34,3127.0,,
Hostalric,Selva,189,3,4370.0,,
Igualada,Anoia,313,8,40767.0,,
Isona i Conca Dellà,Pallars Jussà,659,139,1057.0,,
Isòvol,Cerdanya,1088,11,318.0,,
Ivars d'Urgell,Pla d'Urgell,265,24,1560.0,,
Ivars de Noguera,Noguera,314,27,327.0,,
Ivorra,Segarra,567,15,,,
Jafre,Baix Empordà,44,7,386.0,,
Jonquera,Alt Empordà,110,57,3317.0,,
Jorba,Anoia,380,31,806.0,,
Josa i Tuixén,Alt Urgell,1206,68,105.0,,
Juià,Gironès,94,8,334.0,,
Juncosa,Garrigues,575,77,401.0,,
Juneda,Garrigues,264,47,3558.0,,
Les,Val d'Aran,634,24,970.0,,
Linyola,Pla d'Urgell,248,29,2723.0,,
Llacuna,Anoia,615,52,942.0,,
Lladó,Alt Empordà,197,14,827.0,,
Lladorre,Pallars Sobirà,1052,147,254.0,,
Lladurs,Solsonès,834,128,190.0,,
Llagosta,Vallès Oriental,45,3,13155.0,,
Llagostera,Gironès,160,76,9024.0,,
Llambilles,Gironès,143,15,731.0,,
Llanars,Ripollès,983,25,533.0,,
Llançà,Alt Empordà,4,28,4905.0,,
Llardecans,Segrià,397,66,421.0,,
Llavorsí,Pallars Sobirà,811,69,343.0,,
Lleida,Segrià,155,212,140797.0,,
Llers,Alt Empordà,142,21,1245.0,,
Lles de Cerdanya,Cerdanya,1471,103,286.0,,
Lliçà d'Amunt,Vallès Oriental,145,22,15801.0,,
Lliçà de Vall,Vallès Oriental,125,11,6760.0,,
Llimiana,Pallars Jussà,790,42,146.0,,
Llinars del Vallès,Vallès Oriental,198,28,10205.0,,
Llívia,Cerdanya,1224,13,1495.0,,
Lloar,Priorat,219,7,104.0,,
Llobera,Solsonès,855,39,202.0,,
Llorac,Conca de Barberà,648,23,96.0,,
Llorenç del Penedès,Baix Penedès,162,5,2393.0,,
Lloret de Mar,Selva,5,49,38941.0,,
Llosses,Ripollès,895,114,205.0,,
Lluçà,Osona,745,53,279.0,,
Maçanet de Cabrenys,Alt Empordà,370,68,724.0,,
Maçanet de la Selva,Selva,100,46,7572.0,,
Madremanya,Gironès,177,14,302.0,,
Maià de Montcal,Garrotxa,241,17,462.0,,
Maials,Segrià,395,57,911.0,,
Maldà,Urgell,428,31,234.0,,
Malgrat de Mar,Maresme,4,9,19093.0,,
Malla,Osona,580,11,272.0,,
Manlleu,Osona,461,17,20883.0,,
Manresa,Bages,238,42,77452.0,,
Marçà,Priorat,315,16,593.0,,
Margalef,Priorat,379,35,107.0,,
Marganell,Bages,291,14,282.0,,
Martorell,Baix Llobregat,56,13,28684.0,,
Martorelles,Vallès Oriental,96,4,4859.0,,
Mas de Barberans,Montsià,348,79,556.0,,
Masarac,Alt Empordà,85,13,294.0,,
Masdenverge,Montsià,54,15,1129.0,,
Masies de Roda,Osona,468,16,733.0,,
Masies de Voltregà,Osona,533,22,3133.0,,
Masllorenç,Baix Penedès,304,7,547.0,,
Masnou,Maresme,27,3,23829.0,,
Masó,Alt Camp,115,4,285.0,,
Maspujols,Baix Camp,214,4,859.0,,
Masquefa,Anoia,257,17,9744.0,,
Masroig,Priorat,192,16,479.0,,
Massalcoreig,Segrià,94,14,589.0,,
Massanes,Selva,164,26,825.0,,
Massoteres,Segarra,502,26,220.0,,
Matadepera,Vallès Occidental,423,25,9752.0,,
Mataró,Maresme,28,23,128956.0,,
Mediona,Alt Penedès,430,48,2517.0,,
Menàrguens,Noguera,205,20,774.0,,
Meranges,Cerdanya,1539,37,111.0,,
Mieres,Garrotxa,286,26,341.0,,
Milà,Alt Camp,166,4,189.0,,
Miralcamp,Pla d'Urgell,287,15,1364.0,,
Miravet,Ribera d'Ebre,43,32,682.0,,
Moià,Moianès,717,75,6548.0,,
Molar,Priorat,228,23,296.0,,
Molins de Rei,Baix Llobregat,37,16,26242.0,,
Mollerussa,Pla d'Urgell,250,7,14730.0,,
Mollet de Peralada,Alt Empordà,59,6,202.0,,
Mollet del Vallès,Vallès Oriental,65,11,51294.0,,
Molló,Ripollès,1182,43,365.0,,
Molsosa,Solsonès,667,27,99.0,,
Monistrol de Calders,Moianès,447,22,742.0,,
Monistrol de Montserrat,Bages,161,12,3166.0,,
Montagut i Oix,Garrotxa,276,94,958.0,,
Montblanc,Conca de Barberà,350,91,7410.0,,
Montbrió del Camp,Baix Camp,132,11,3073.0,,
Montcada i Reixac,Vallès Occidental,36,24,36666.0,,
Montclar,Berguedà,728,22,136.0,,
Montellà i Martinet,Cerdanya,967,55,615.0,,
Montesquiu,Osona,577,5,1059.0,,
Montferrer i Castellbò,Alt Urgell,732,177,1083.0,,
Montferri,Alt Camp,229,19,419.0,,
Montgai,Noguera,286,29,647.0,,
Montgat,Maresme,20,3,12277.0,,
Montmajor,Berguedà,756,77,484.0,,
Montmaneu,Anoia,709,14,166.0,,
Montmell,Baix Penedès,429,73,1863.0,,
Montmeló,Vallès Oriental,72,4,8793.0,,
Montoliu de Lleida,Segrià,166,7,494.0,,
Montoliu de Segarra,Segarra,689,30,180.0,,
Montornès de Segarra,Segarra,605,12,92.0,,
Montornès del Vallès,Vallès Oriental,116,10,16707.0,,
Mont-ral,Alt Camp,888,35,173.0,,
Mont-ras,Baix Empordà,88,12,1676.0,,
Mont-roig del Camp,Baix Camp,120,63,13101.0,,
Montseny,Vallès Oriental,528,27,370.0,,
Móra d'Ebre,Ribera d'Ebre,38,45,5585.0,,
Móra la Nova,Ribera d'Ebre,31,16,3198.0,,
Morell,Tarragonès,104,6,3803.0,,
Morera de Montsant,Priorat,743,53,160.0,,
Muntanyola,Osona,807,40,,,
Mura,Bages,454,48,232.0,,
Nalec,Urgell,487,9,95.0,,
Naut Aran,Val d'Aran,1267,256,1923.0,,
Navarcles,Bages,269,6,6067.0,,
Navàs,Bages,370,81,6018.0,,
Navata,Alt Empordà,145,19,1465.0,,
Navès,Solsonès,610,145,305.0,,
Nou de Berguedà,Berguedà,876,25,179.0,,
Nou de Gaià,Tarragonès,93,4,636.0,,
Nulles,Alt Camp,231,11,541.0,,
Odèn,Solsonès,1130,114,252.0,,
Òdena,Anoia,421,53,3728.0,,
Ogassa,Ripollès,951,45,222.0,,
Olèrdola,Alt Penedès,189,30,3884.0,,
Olesa de Bonesvalls,Alt Penedès,265,31,2016.0,,
Olesa de Montserrat,Baix Llobregat,124,17,24272.0,,
Oliana,Alt Urgell,469,32,1849.0,,
Oliola,Noguera,452,86,196.0,,
Olius,Solsonès,742,55,985.0,,
Olivella,Garraf,211,39,4339.0,,
Olost,Osona,572,29,1206.0,,
Olot,Garrotxa,443,29,36716.0,,
Oluges,Segarra,528,19,166.0,,
Olvan,Berguedà,553,36,876.0,,
Omellons,Garrigues,385,11,198.0,,
Omells de na Gaia,Urgell,560,14,127.0,,
Ordis,Alt Empordà,98,9,373.0,,
Organyà,Alt Urgell,558,13,796.0,,
Orís,Osona,576,27,347.0,,
Oristà,Osona,468,69,573.0,,
Orpí,Anoia,375,15,159.0,,
Òrrius,Maresme,259,6,793.0,,
Os de Balaguer,Noguera,463,136,1046.0,,
Osor,Selva,340,52,423.0,,
Ossó de Sió,Urgell,391,26,193.0,,
Pacs del Penedès,Alt Penedès,201,6,935.0,,
Palafolls,Maresme,16,17,9661.0,,
Palafrugell,Baix Empordà,64,27,23396.0,,
Palamós,Baix Empordà,12,14,18145.0,,
Palau d'Anglesola,Pla d'Urgell,250,12,2191.0,,
Palau de Santa Eulàlia,Alt Empordà,86,8,115.0,,
Palau-sator,Baix Empordà,20,12,327.0,,
Palau-saverdera,Alt Empordà,78,17,1472.0,,
Palau-solità i Plegamans,Vallès Occidental,130,15,14911.0,,
Pallaresos,Tarragonès,120,5,4930.0,,
Pallejà,Baix Llobregat,41,8,11593.0,,
Palma d'Ebre,Ribera d'Ebre,335,38,341.0,,
Palma de Cervelló,Baix Llobregat,100,6,3026.0,,
Palol de Revardit,Pla de l'Estany,152,18,457.0,,
Pals,Baix Empordà,55,26,2548.0,,
Papiol,Baix Llobregat,135,9,4274.0,,
Pardines,Ripollès,1226,31,165.0,,
Parets del Vallès,Vallès Oriental,98,9,18889.0,,
Parlavà,Baix Empordà,40,6,415.0,,
Passanant i Belltall,Conca de Barberà,714,27,170.0,,
Pau,Alt Empordà,33,11,579.0,,
Paüls,Baix Ebre,378,44,566.0,,
Pedret i Marzà,Alt Empordà,22,9,181.0,,
Penelles,Noguera,276,26,430.0,,
Pera,Baix Empordà,93,12,438.0,,
Perafita,Osona,754,20,418.0,,
Perafort,Tarragonès,125,10,1292.0,,
Peralada,Alt Empordà,32,44,1974.0,,
Peramola,Alt Urgell,566,56,348.0,,
Perelló,Baix Ebre,142,101,2885.0,,
Piera,Anoia,324,57,16787.0,,
Piles,Conca de Barberà,676,22,224.0,,
Pineda de Mar,Maresme,10,11,28083.0,,
Pinell de Brai,Terra Alta,189,57,0.0,,
Pinell de Solsonès,Solsonès,800,91,190.0,,
Pinós,Solsonès,823,104,291.0,,
Pira,Conca de Barberà,385,8,489.0,,
Pla de Santa Maria,Alt Camp,381,35,2340.0,,
Pla del Penedès,Alt Penedès,216,10,1335.0,,
Planes d'Hostoles,Garrotxa,370,38,1745.0,,
Planoles,Ripollès,1136,19,307.0,,
Plans de Sió,Segarra,412,56,490.0,,
Poal,Pla d'Urgell,216,9,667.0,,
Pobla de Cérvoles,Garrigues,663,62,209.0,,
Pobla de Claramunt,Anoia,265,19,2275.0,,
Pobla de Lillet,Berguedà,843,52,1079.0,,
Pobla de Mafumet,Tarragonès,98,6,4052.0,,
Pobla de Massaluca,Terra Alta,357,43,340.0,,
Pobla de Montornès,Tarragonès,56,12,3101.0,,
Pobla de Segur,Pallars Jussà,524,33,3055.0,,
Poboleda,Priorat,343,14,327.0,,
Polinyà,Vallès Occidental,123,9,8451.0,,
Pont d'Armentera,Alt Camp,349,22,492.0,,
Pont de Bar,Alt Urgell,861,43,163.0,,
Pont de Molins,Alt Empordà,43,9,542.0,,
Pont de Suert,Alta Ribagorça,838,148,2336.0,,
Pont de Vilomara i Rocafort,Bages,202,27,4024.0,,
Pontils,Conca de Barberà,551,68,133.0,,
Pontons,Alt Penedès,584,26,507.0,,
Pontós,Alt Empordà,94,14,274.0,,
Ponts,Noguera,363,31,2661.0,,
Porqueres,Pla de l'Estany,148,34,4712.0,,
Porrera,Priorat,316,29,429.0,,
Port de la Selva,Alt Empordà,12,42,1015.0,,
Portbou,Alt Empordà,28,9,1090.0,,
Portella,Segrià,259,12,718.0,,
Pradell de la Teixeta,Priorat,463,22,172.0,,
Prades,Baix Camp,950,33,625.0,,
Prat de Comte,Terra Alta,363,26,186.0,,
Prat de Llobregat,Baix Llobregat,8,31,65030.0,,
Pratdip,Baix Camp,245,36,693.0,,
Prats de Lluçanès,Osona,707,14,2627.0,,
Prats de Rei,Anoia,608,26,554.0,,
Prats i Sansor,Cerdanya,1124,7,260.0,,
Preixana,Urgell,328,22,404.0,,
Preixens,Noguera,315,29,422.0,,
Premià de Dalt,Maresme,142,7,10.0,,
Premià de Mar,Maresme,8,2,28518.0,,
Preses,Garrotxa,474,9,1875.0,,
Prullans,Cerdanya,1096,21,264.0,,
Puigcerdà,Cerdanya,1202,19,9484.0,,
Puigdàlber,Alt Penedès,239,0,555.0,,
Puiggròs,Garrigues,334,10,257.0,,
Puigpelat,Alt Camp,252,10,1199.0,,
Puig-reig,Berguedà,455,46,4327.0,,
Puigverd d'Agramunt,Urgell,366,17,253.0,,
Puigverd de Lleida,Segrià,219,13,1398.0,,
Pujalt,Anoia,770,31,204.0,,
Quar,Berguedà,885,38,47.0,,
Quart,Gironès,91,38,3906.0,,
Queralbs,Ripollès,1236,94,191.0,,
Querol,Alt Camp,565,72,572.0,,
Rabós,Alt Empordà,106,45,210.0,,
Rajadell,Bages,361,46,545.0,,
Ràpita,Montsià,11,54,14767.0,,
Rasquera,Ribera d'Ebre,174,51,822.0,,
Regencós,Baix Empordà,78,6,271.0,,
Rellinars,Vallès Occidental,322,18,915.0,,
Renau,Tarragonès,175,8,152.0,,
Reus,Baix Camp,117,53,106741.0,,
Rialp,Pallars Sobirà,725,63,675.0,,
Riba,Alt Camp,263,8,552.0,,
Riba-roja d'Ebre,Ribera d'Ebre,76,99,1131.0,,
Ribera d'Ondara,Segarra,570,55,441.0,,
Ribera d'Urgellet,Alt Urgell,702,107,920.0,,
Ribes de Freser,Ripollès,912,42,1810.0,,
Riells i Viabrea,Selva,96,27,4279.0,,
Riera de Gaià,Tarragonès,28,9,1752.0,,
Riner,Solsonès,830,47,280.0,,
Ripoll,Ripollès,691,74,10641.0,,
Ripollet,Vallès Occidental,79,4,39031.0,,
Riu de Cerdanya,Cerdanya,1173,12,,,
Riudarenes,Selva,84,48,2337.0,,
Riudaura,Garrotxa,572,24,511.0,,
Riudecanyes,Baix Camp,195,17,1279.0,,
Riudecols,Baix Camp,299,20,1198.0,,
Riudellots de la Selva,Selva,98,13,2072.0,,
Riudoms,Baix Camp,125,32,6721.0,,
Riumors,Alt Empordà,7,7,244.0,,
Roca del Vallès,Vallès Oriental,123,37,10776.0,,
Rocafort de Queralt,Conca de Barberà,566,9,241.0,,
Roda de Berà,Tarragonès,57,17,7591.0,,
Roda de Ter,Osona,443,2,6555.0,,
Rodonyà,Alt Camp,312,9,506.0,,
Roquetes,Baix Ebre,14,137,8193.0,,
Roses,Alt Empordà,5,46,19907.0,,
Rosselló,Segrià,252,10,3278.0,,
Rourell,Alt Camp,114,2,395.0,,
Rubí,Vallès Occidental,123,32,77.0,,
Rubió,Anoia,629,48,244.0,,
Rupià,Baix Empordà,66,5,,,
Rupit i Pruit,Osona,822,48,279.0,,
Sabadell,Vallès Occidental,190,38,215760.0,,
Sagàs,Berguedà,738,45,157.0,,
Salàs de Pallars,Pallars Jussà,573,20,345.0,,
Saldes,Berguedà,1215,66,298.0,,
Sales de Llierca,Garrotxa,260,36,169.0,,
Sallent,Bages,278,65,6805.0,,
Salomó,Tarragonès,165,12,543.0,,
Salou,Tarragonès,2,15,29028.0,,
Salt,Gironès,83,7,32517.0,,
Sanaüja,Segarra,409,33,392.0,,
Sant Adrià de Besòs,Barcelonès,14,4,36918.0,,
Sant Agustí de Lluçanès,Osona,816,13,,,
Sant Andreu de la Barca,Baix Llobregat,42,6,26965.0,,
Sant Andreu de Llavaneres,Maresme,114,12,11593.0,,
Sant Andreu Salou,Gironès,132,6,162.0,,
Sant Aniol de Finestres,Garrotxa,289,48,363.0,,
Sant Antoni de Vilamajor,Vallès Oriental,258,14,6483.0,,
Sant Bartomeu del Grau,Osona,868,34,924.0,,
Sant Boi de Llobregat,Baix Llobregat,30,22,83371.0,,
Sant Boi de Lluçanès,Osona,813,20,575.0,,
Sant Cebrià de Vallalta,Maresme,71,16,3619.0,,
Sant Celoni,Vallès Oriental,152,65,18285.0,,
Sant Climent de Llobregat,Baix Llobregat,87,11,4170.0,,
Sant Climent Sescebes,Alt Empordà,86,24,696.0,,
Sant Cugat del Vallès,Vallès Occidental,124,48,95725.0,,
Sant Cugat Sesgarrigues,Alt Penedès,266,6,9.0,,
Sant Esteve de la Sarga,Pallars Jussà,875,93,123.0,,
Sant Esteve de Palautordera,Vallès Oriental,231,11,3043.0,,
Sant Esteve Sesrovires,Baix Llobregat,183,19,7889.0,,
Sant Feliu de Buixalleu,Selva,402,62,839.0,,
Sant Feliu de Codines,Vallès Oriental,480,15,6460.0,,
Sant Feliu de Guíxols,Baix Empordà,4,16,22149.0,,
Sant Feliu de Llobregat,Baix Llobregat,25,12,45642.0,,
Sant Feliu de Pallerols,Garrotxa,473,35,1495.0,,
Sant Feliu Sasserra,Bages,617,22,611.0,,
Sant Ferriol,Garrotxa,146,42,256.0,,
Sant Fost de Campsentelles,Vallès Oriental,112,13,9064.0,,
Sant Fruitós de Bages,Bages,247,22,9025.0,,
Sant Gregori,Gironès,112,49,4085.0,,
Sant Guim de Freixenet,Segarra,738,25,1120.0,,
Sant Guim de la Plana,Segarra,556,13,182.0,,
Sant Hilari Sacalm,Selva,803,83,5836.0,,
Sant Hipòlit de Voltregà,Osona,536,1,3644.0,,
Sant Iscle de Vallalta,Maresme,129,18,1433.0,,
Sant Jaume d'Enveja,Montsià,7,61,3669.0,,
Sant Jaume de Frontanyà,Berguedà,1072,21,31.0,,
Sant Jaume de Llierca,Garrotxa,203,7,842.0,,
Sant Jaume dels Domenys,Baix Penedès,213,25,2695.0,,
Sant Joan de les Abadesses,Ripollès,773,54,3274.0,,
Sant Joan de Mollet,Gironès,54,3,515.0,,
Sant Joan de Vilatorrada,Bages,277,16,10820.0,,
Sant Joan Despí,Baix Llobregat,10,6,34039.0,,
Sant Joan les Fonts,Garrotxa,342,32,3054.0,,
Sant Jordi Desvalls,Gironès,57,12,830.0,,
Sant Julià de Cerdanyola,Berguedà,954,12,241.0,,
Sant Julià de Ramis,Gironès,128,19,3623.0,,
Sant Julià de Vilatorta,Osona,600,16,3193.0,,
Sant Julià del Llor i Bonmatí,Selva,160,10,1347.0,,
Sant Just Desvern,Baix Llobregat,122,8,19806.0,,
Sant Llorenç d'Hortons,Alt Penedès,196,20,2503.0,,
Sant Llorenç de la Muga,Alt Empordà,173,32,267.0,,
Sant Llorenç de Morunys,Solsonès,925,4,0.0,,
Sant Llorenç Savall,Vallès Occidental,466,41,2524.0,,
Sant Martí d'Albars,Osona,629,15,119.0,,
Sant Martí de Centelles,Osona,404,26,1232.0,,
Sant Martí de Llémena,Gironès,256,43,679.0,,
Sant Martí de Riucorb,Urgell,409,35,646.0,,
Sant Martí de Tous,Anoia,465,39,1243.0,,
Sant Martí Sarroca,Alt Penedès,291,35,3313.0,,
Sant Martí Sesgueioles,Anoia,646,4,361.0,,
Sant Martí Vell,Gironès,65,18,261.0,,
Sant Mateu de Bages,Bages,569,103,628.0,,
Sant Miquel de Campmajor,Pla de l'Estany,217,33,239.0,,
Sant Miquel de Fluvià,Alt Empordà,28,4,808.0,,
Sant Mori,Alt Empordà,51,8,159.0,,
Sant Pau de Segúries,Ripollès,867,9,732.0,,
Sant Pere de Ribes,Garraf,44,41,31688.0,,
Sant Pere de Riudebitlles,Alt Penedès,246,5,2404.0,,
Sant Pere de Torelló,Osona,621,55,2514.0,,
Sant Pere de Vilamajor,Vallès Oriental,305,35,4815.0,,
Sant Pere Pescador,Alt Empordà,5,19,2079.0,,
Sant Pere Sallavinera,Anoia,588,22,167.0,,
Sant Pol de Mar,Maresme,15,8,5680.0,,
Sant Quintí de Mediona,Alt Penedès,326,14,2393.0,,
Sant Quirze de Besora,Osona,587,8,2142.0,,
Sant Quirze del Vallès,Vallès Occidental,188,14,20180.0,,
Sant Quirze Safaja,Moianès,627,26,672.0,,
Sant Ramon,Segarra,641,19,480.0,,
Sant Sadurní d'Anoia,Alt Penedès,162,19,12863.0,,
Sant Sadurní d'Osormort,Osona,531,31,90.0,,
Sant Salvador de Guardiola,Bages,334,37,3351.0,,
Sant Vicenç de Castellet,Bages,176,17,9949.0,,
Sant Vicenç de Montalt,Maresme,143,8,6661.0,,
Sant Vicenç de Torelló,Osona,555,7,2077.0,,
Sant Vicenç dels Horts,Baix Llobregat,22,9,28079.0,,
Santa Bàrbara,Montsià,79,28,3791.0,,
Santa Cecília de Voltregà,Osona,519,9,185.0,,
Santa Coloma de Cervelló,Baix Llobregat,73,8,8309.0,,
Santa Coloma de Farners,Selva,142,71,13557.0,,
Santa Coloma de Gramenet,Barcelonès,56,7,117981.0,,
Santa Coloma de Queralt,Conca de Barberà,674,34,2755.0,,
Santa Cristina d'Aro,Baix Empordà,30,68,5585.0,,
Santa Eugènia de Berga,Osona,538,7,2256.0,,
Santa Eulàlia de Riuprimer,Osona,568,14,1401.0,,
Santa Eulàlia de Ronçana,Vallès Oriental,236,14,7740.0,,
Santa Fe del Penedès,Alt Penedès,240,3,370.0,,
Santa Llogaia d'Àlguema,Alt Empordà,42,2,379.0,,
Santa Margarida de Montbui,Anoia,316,28,10294.0,,
Santa Margarida i els Monjos,Alt Penedès,161,17,7624.0,,
Santa Maria d'Oló,Moianès,542,66,1063.0,,
Santa Maria de Besora,Osona,866,25,159.0,,
Santa Maria de Martorelles,Vallès Oriental,181,5,889.0,,
Santa Maria de Merlès,Berguedà,532,52,184.0,,
Santa Maria de Miralles,Anoia,543,25,138.0,,
Santa Maria de Palautordera,Vallès Oriental,208,17,9777.0,,
Santa Oliva,Baix Penedès,101,10,3560.0,,
Santa Pau,Garrotxa,496,49,1605.0,,
Santa Perpètua de Mogoda,Vallès Occidental,74,16,25930.0,,
Santa Susanna,Maresme,10,13,3755.0,,
Santpedor,Bages,336,17,7612.0,,
Sarral,Conca de Barberà,467,52,1578.0,,
Sarrià de Ter,Gironès,70,4,5294.0,,
Sarroca de Bellera,Pallars Jussà,1002,88,113.0,,
Sarroca de Lleida,Segrià,201,42,365.0,,
"Saus, Camallera i Llampaies",Alt Empordà,86,11,865.0,,
Savallà del Comtat,Conca de Barberà,825,15,52.0,,
Secuita,Tarragonès,169,18,1765.0,,
Selva de Mar,Alt Empordà,48,7,220.0,,
Selva del Camp,Baix Camp,246,35,5696.0,,
Senan,Conca de Barberà,652,12,44.0,,
Sénia,Montsià,369,108,5475.0,,
Senterada,Pallars Jussà,729,35,161.0,,
Sentiu de Sió,Noguera,281,30,417.0,,
Sentmenat,Vallès Occidental,207,29,9417.0,,
Serinyà,Pla de l'Estany,188,17,1153.0,,
Seròs,Segrià,103,86,1890.0,,
Serra de Daró,Baix Empordà,15,8,233.0,,
Setcases,Ripollès,1265,49,,,
Seu d'Urgell,Alt Urgell,691,16,12261.0,,
Seva,Osona,663,30,3736.0,,
Sidamon,Pla d'Urgell,232,8,759.0,,
Sils,Selva,76,30,6507.0,,
Sitges,Garraf,10,44,31222.0,,
Siurana,Alt Empordà,33,11,178.0,,
Sobremunt,Osona,881,14,83.0,,
Soleràs,Garrigues,381,12,330.0,,
Solivella,Conca de Barberà,489,21,628.0,,
Solsona,Solsonès,664,18,9131.0,,
Sora,Osona,716,32,219.0,,
Soriguera,Pallars Sobirà,1258,106,429.0,,
Sort,Pallars Sobirà,692,105,2192.0,,
Soses,Segrià,118,30,1784.0,,
Subirats,Alt Penedès,243,56,3241.0,,
Sudanell,Segrià,152,9,873.0,,
Sunyer,Segrià,211,13,332.0,,
Súria,Bages,326,24,5921.0,,
Susqueda,Selva,816,51,96.0,,
Tagamanent,Vallès Oriental,354,43,340.0,,
Talamanca,Bages,552,29,219.0,,
Talarn,Pallars Jussà,572,28,562.0,,
Talavera,Segarra,791,30,291.0,,
Tallada d'Empordà,Baix Empordà,20,17,480.0,,
Taradell,Osona,623,27,6699.0,,
Tarragona,Tarragonès,68,58,134883.0,,
Tàrrega,Urgell,373,88,17810.0,,
Tarrés,Garrigues,578,13,105.0,,
Tarroja de Segarra,Segarra,460,8,175.0,,
Tavèrnoles,Osona,537,19,329.0,,
Tavertet,Osona,869,33,116.0,,
Teià,Maresme,128,7,6635.0,,
Térmens,Noguera,208,28,1363.0,,
Terrades,Alt Empordà,228,21,345.0,,
Terrassa,Vallès Occidental,277,70,224114.0,,
Tiana,Maresme,136,8,9110.0,,
Tírvia,Pallars Sobirà,991,9,132.0,,
Tiurana,Noguera,387,16,71.0,,
Tivenys,Baix Ebre,13,54,923.0,,
Tivissa,Ribera d'Ebre,309,209,1643.0,,
Tona,Osona,596,17,8368.0,,
Torà,Segarra,448,93,1224.0,,
Tordera,Maresme,34,84,18022.0,,
Torelló,Osona,508,14,14726.0,,
Torms,Garrigues,476,14,149.0,,
Tornabous,Urgell,289,24,847.0,,
Torre de Cabdella,Pallars Jussà,1075,165,764.0,,
Torre de Claramunt,Anoia,363,15,3966.0,,
Torre de Fontaubella,Priorat,369,7,125.0,,
Torre de l'Espanyol,Ribera d'Ebre,164,28,598.0,,
Torrebesses,Segrià,287,28,,,
Torredembarra,Tarragonès,15,9,17256.0,,
Torrefarrera,Segrià,214,24,4730.0,,
Torrefeta i Florejacs,Segarra,475,89,621.0,,
Torregrossa,Pla d'Urgell,232,41,2155.0,,
Torrelameu,Noguera,201,11,765.0,,
Torrelavit,Alt Penedès,202,24,1457.0,,
Torrelles de Foix,Alt Penedès,367,37,2557.0,,
Torrelles de Llobregat,Baix Llobregat,126,14,6186.0,,
Torrent,Baix Empordà,44,8,166.0,,
Torres de Segre,Segrià,119,51,2248.0,,
Torre-serona,Segrià,197,6,387.0,,
Torroella de Fluvià,Alt Empordà,9,17,741.0,,
Torroella de Montgrí,Baix Empordà,31,66,12061.0,,
Torroja del Priorat,Priorat,332,13,141.0,,
Tortellà,Garrotxa,276,11,823.0,,
Tortosa,Baix Ebre,12,219,33890.0,,
Toses,Ripollès,1444,58,185.0,,
Tossa de Mar,Selva,5,39,5956.0,,
Tremp,Pallars Jussà,468,303,5847.0,,
Ullà,Baix Empordà,21,7,1195.0,,
Ullastrell,Vallès Occidental,342,7,2139.0,,
Ullastret,Baix Empordà,49,11,250.0,,
Ulldecona,Montsià,133,127,6241.0,,
Ulldemolins,Priorat,650,38,409.0,,
Ultramort,Baix Empordà,30,4,224.0,,
Urús,Cerdanya,1263,17,214.0,,
Vacarisses,Vallès Occidental,382,41,7325.0,,
Vajol,Alt Empordà,546,5,87.0,,
Vall d'en Bas,Garrotxa,510,91,3143.0,,
Vall de Bianya,Garrotxa,367,94,1345.0,,
Vall de Boí,Alta Ribagorça,1111,220,1090.0,,
Vall de Cardós,Pallars Sobirà,898,56,386.0,,
Vallbona d'Anoia,Anoia,289,7,1387.0,,
Vallbona de les Monges,Urgell,481,34,227.0,,
Vallcebre,Berguedà,1123,28,268.0,,
Vallclara,Conca de Barberà,625,14,88.0,,
Vallfogona de Balaguer,Noguera,235,27,1935.0,,
Vallfogona de Ripollès,Ripollès,956,39,222.0,,
Vallfogona de Riucorb,Conca de Barberà,573,11,89.0,,
Vallgorguina,Vallès Oriental,222,22,3144.0,,
Vallirana,Baix Llobregat,177,24,15658.0,,
Vall-llobrega,Baix Empordà,49,6,926.0,,
Vallmoll,Alt Camp,161,17,1882.0,,
Vallromanes,Vallès Oriental,153,11,2632.0,,
Valls,Alt Camp,215,55,24727.0,,
Valls d'Aguilar,Alt Urgell,669,124,274.0,,
Valls de Valira,Alt Urgell,740,171,794.0,,
Vandellòs i l'Hospitalet de l'Infant,Baix Camp,281,103,6750.0,,
Vansa i Fórnols,Alt Urgell,989,106,166.0,,
Veciana,Anoia,564,39,182.0,,
Vendrell,Baix Penedès,49,37,39072.0,,
Ventalló,Alt Empordà,28,25,911.0,,
Verdú,Urgell,434,36,851.0,,
Verges,Baix Empordà,23,10,1162.0,,
Vespella de Gaià,Tarragonès,191,18,496.0,,
Vic,Osona,484,31,47545.0,,
Vidrà,Osona,982,34,181.0,,
Vidreres,Selva,93,48,8167.0,,
Vielha e Mijaran,Val d'Aran,974,212,5581.0,,
Vilabella,Alt Camp,254,18,711.0,,
Vilabertran,Alt Empordà,19,2,991.0,,
Vilablareix,Gironès,99,6,3396.0,,
Vilada,Berguedà,757,22,439.0,,
Viladamat,Alt Empordà,13,12,479.0,,
Viladasens,Gironès,96,16,216.0,,
Viladecans,Baix Llobregat,18,20,66720.0,,
Viladecavalls,Vallès Occidental,274,20,7644.0,,
Vilademuls,Pla de l'Estany,120,62,840.0,,
Viladrau,Osona,821,51,1103.0,,
Vilafant,Alt Empordà,54,8,5562.0,,
Vilafranca del Penedès,Alt Penedès,223,20,56.0,,
Vilagrassa,Urgell,355,20,605.0,,
Vilajuïga,Alt Empordà,31,13,1142.0,,
Vilalba dels Arcs,Terra Alta,450,67,634.0,,
Vilalba Sasserra,Vallès Oriental,200,6,748.0,,
Vilaller,Alta Ribagorça,981,59,532.0,,
Vilallonga de Ter,Ripollès,1067,64,410.0,,
Vilallonga del Camp,Tarragonès,124,9,2398.0,,
Vilamacolum,Alt Empordà,5,6,386.0,,
Vilamalla,Alt Empordà,45,9,1166.0,,
Vilamaniscle,Alt Empordà,169,6,204.0,,
Vilamòs,Val d'Aran,1255,15,172.0,,
Vilanant,Alt Empordà,98,17,401.0,,
Vilanova d'Escornalbou,Baix Camp,226,17,594.0,,
Vilanova de Bellpuig,Pla d'Urgell,290,14,1179.0,,
Vilanova de l'Aguda,Noguera,409,54,,,
Vilanova de la Barca,Segrià,195,22,1110.0,,
Vilanova de Meià,Noguera,633,105,413.0,,
Vilanova de Prades,Conca de Barberà,893,22,107.0,,
Vilanova de Sau,Osona,558,59,320.0,,
Vilanova de Segrià,Segrià,255,9,1021.0,,
Vilanova del Camí,Anoia,302,10,12699.0,,
Vilanova del Vallès,Vallès Oriental,91,15,5557.0,,
Vilanova i la Geltrú,Garraf,22,34,68152.0,,
Vilaplana,Baix Camp,366,23,540.0,,
Vila-rodona,Alt Camp,259,33,1341.0,,
Vila-sacra,Alt Empordà,16,6,785.0,,
Vila-sana,Pla d'Urgell,249,19,767.0,,
Vila-seca,Tarragonès,45,22,22681.0,,
Vilassar de Dalt,Maresme,142,9,9128.0,,
Vilassar de Mar,Maresme,10,4,21067.0,,
Vilaür,Alt Empordà,65,6,162.0,,
Vilaverd,Conca de Barberà,269,13,453.0,,
Vilella Alta,Priorat,327,5,136.0,,
Vilella Baixa,Priorat,218,6,202.0,,
Vilobí d'Onyar,Selva,122,33,3304.0,,
Vilobí del Penedès,Alt Penedès,286,9,1130.0,,
Vilopriu,Baix Empordà,82,16,223.0,,
Vilosell,Garrigues,665,19,195.0,,
Vimbodí i Poblet,Conca de Barberà,496,66,884.0,,
Vinaixa,Garrigues,479,38,465.0,,
Vinebre,Ribera d'Ebre,34,26,407.0,,
Vinyols i els Arcs,Baix Camp,95,11,2258.0,,
Viver i Serrateix,Berguedà,729,67,166.0,,
Xerta,Baix Ebre,12,32,1150.0,,
